"Solvent","InChIKey","Volume","δd","δp","δh","δt"
"Entity[""Chemical"", ""1,1,1Trichloroethane""]","UOCLXMDMGBRAIB-UHFFFAOYSA-N","Quantity[100.4, ""Centimeters""^3/""Moles""]","Quantity[17., Sqrt[""Megapascals""]]","Quantity[4.3, Sqrt[""Megapascals""]]","Quantity[2., Sqrt[""Megapascals""]]","Quantity[17.6, Sqrt[""Megapascals""]]"
"Entity[""Chemical"", ""1,1,2,2Tetrachloroethane""]","QPFMBZIOSGYJDE-UHFFFAOYSA-N","Quantity[105.2, ""Centimeters""^3/""Moles""]","Quantity[18.8, Sqrt[""Megapascals""]]","Quantity[5.1, Sqrt[""Megapascals""]]","Quantity[9.4, Sqrt[""Megapascals""]]","Quantity[21.7, Sqrt[""Megapascals""]]"
"Entity[""Chemical"", ""1,1Dichloroethane""]","SCYULBFZEHDVBN-UHFFFAOYSA-N","Quantity[84.8, ""Centimeters""^3/""Moles""]","Quantity[16.6, Sqrt[""Megapascals""]]","Quantity[8.2, Sqrt[""Megapascals""]]","Quantity[0.4, Sqrt[""Megapascals""]]","Quantity[18.4, Sqrt[""Megapascals""]]"
"Entity[""Chemical"", ""1,1Dichloroethylene""]","LGXVIGDEPROXKC-UHFFFAOYSA-N","Quantity[79., ""Centimeters""^3/""Moles""]","Quantity[17., Sqrt[""Megapascals""]]","Quantity[6.8, Sqrt[""Megapascals""]]","Quantity[4.5, Sqrt[""Megapascals""]]","Quantity[18.8, Sqrt[""Megapascals""]]"
"Entity[""Chemical"", ""1,2,3,4Tetrahydronaphthalene""]","CXWXQJXEFPUFDZ-UHFFFAOYSA-N","Quantity[136., ""Centimeters""^3/""Moles""]","Quantity[19.6, Sqrt[""Megapascals""]]","Quantity[2., Sqrt[""Megapascals""]]","Quantity[2.9, Sqrt[""Megapascals""]]","Quantity[20., Sqrt[""Megapascals""]]"
"Entity[""Chemical"", ""1,2Dibromoethane""]","PAAZPARNPHGIKF-UHFFFAOYSA-N","Quantity[87., ""Centimeters""^3/""Moles""]","Quantity[19.6, Sqrt[""Megapascals""]]","Quantity[6.8, Sqrt[""Megapascals""]]","Quantity[12.1, Sqrt[""Megapascals""]]","Quantity[23.9, Sqrt[""Megapascals""]]"
"Entity[""Chemical"", ""1,2Dichlorobenzene""]","RFFLAFLAYFXFSW-UHFFFAOYSA-N","Quantity[112.8, ""Centimeters""^3/""Moles""]","Quantity[19.2, Sqrt[""Megapascals""]]","Quantity[6.3, Sqrt[""Megapascals""]]","Quantity[3.3, Sqrt[""Megapascals""]]","Quantity[20.5, Sqrt[""Megapascals""]]"
"Entity[""Chemical"", ""1,2Dichloroethane""]","WSLDOOZREJYCGB-UHFFFAOYSA-N","Quantity[79.4, ""Centimeters""^3/""Moles""]","Quantity[19., Sqrt[""Megapascals""]]","Quantity[7.4, Sqrt[""Megapascals""]]","Quantity[4.1, Sqrt[""Megapascals""]]","Quantity[20.9, Sqrt[""Megapascals""]]"
"Entity[""Chemical"", ""1,3Dimethylcyclohexane""]","SGVUHPSBDNVHKL-UHFFFAOYSA-N","Quantity[140., ""Centimeters""^3/""Moles""]","Quantity[16.1, Sqrt[""Megapascals""]]","Quantity[0., Sqrt[""Megapascals""]]","Quantity[1.1, Sqrt[""Megapascals""]]","Quantity[16.13753388842298, Sqrt[""Megapascals""]]"
"Entity[""Chemical"", ""1,3Dioxolane""]","WNXJIVFYUVYPPR-UHFFFAOYSA-N","Quantity[69.9, ""Centimeters""^3/""Moles""]","Quantity[18.1, Sqrt[""Megapascals""]]","Quantity[6.6, Sqrt[""Megapascals""]]","Quantity[9.3, Sqrt[""Megapascals""]]","Quantity[21.392989505910577, Sqrt[""Megapascals""]]"
"Entity[""Chemical"", ""1,4Diethylbenzene""]","DSNHSQKRULAAEI-UHFFFAOYSA-N","Quantity[156.9, ""Centimeters""^3/""Moles""]","Quantity[18., Sqrt[""Megapascals""]]","Quantity[0., Sqrt[""Megapascals""]]","Quantity[0.6, Sqrt[""Megapascals""]]","Quantity[18., Sqrt[""Megapascals""]]"
"Entity[""Chemical"", ""1,4Dioxane""]","RYHBNJHYFVUHQT-UHFFFAOYSA-N","Quantity[85.7, ""Centimeters""^3/""Moles""]","Quantity[19., Sqrt[""Megapascals""]]","Quantity[1.8, Sqrt[""Megapascals""]]","Quantity[7.4, Sqrt[""Megapascals""]]","Quantity[20.5, Sqrt[""Megapascals""]]"
"Entity[""Chemical"", ""1Butanol""]","LRHPLDYGYMQRHN-UHFFFAOYSA-N","Quantity[91.5, ""Centimeters""^3/""Moles""]","Quantity[16., Sqrt[""Megapascals""]]","Quantity[5.7, Sqrt[""Megapascals""]]","Quantity[15.8, Sqrt[""Megapascals""]]","Quantity[23.1, Sqrt[""Megapascals""]]"
"Entity[""Chemical"", ""1Chlorobutane""]","VFWCMGCRMGJXDK-UHFFFAOYSA-N","Quantity[104.9, ""Centimeters""^3/""Moles""]","Quantity[16.4, Sqrt[""Megapascals""]]","Quantity[5.5, Sqrt[""Megapascals""]]","Quantity[2., Sqrt[""Megapascals""]]","Quantity[17.4, Sqrt[""Megapascals""]]"
"Entity[""Chemical"", ""1Chloropropane""]","SNMVRZFUUCLYTO-UHFFFAOYSA-N","Quantity[88.1, ""Centimeters""^3/""Moles""]","Quantity[16., Sqrt[""Megapascals""]]","Quantity[7.8, Sqrt[""Megapascals""]]","Quantity[2., Sqrt[""Megapascals""]]","Quantity[17.8, Sqrt[""Megapascals""]]"
"Entity[""Chemical"", ""1Decanol""]","MWKFXSUHUHTGQN-UHFFFAOYSA-N","Quantity[191.8, ""Centimeters""^3/""Moles""]","Quantity[17.6, Sqrt[""Megapascals""]]","Quantity[2.7, Sqrt[""Megapascals""]]","Quantity[10., Sqrt[""Megapascals""]]","Quantity[20.5, Sqrt[""Megapascals""]]"
"Entity[""Chemical"", ""1Methoxy2Propanol""]","ARXJGSRGQADJSQ-UHFFFAOYSA-N","Quantity[98.2, ""Centimeters""^3/""Moles""]","Quantity[15.6, Sqrt[""Megapascals""]]","Quantity[6.3, Sqrt[""Megapascals""]]","Quantity[11.6, Sqrt[""Megapascals""]]","Quantity[20.435508312738392, Sqrt[""Megapascals""]]"
"Entity[""Chemical"", ""1Methyl2Pyrrolidinone""]","SECXISVLQFMRJM-UHFFFAOYSA-N","Quantity[96.6, ""Centimeters""^3/""Moles""]","Quantity[18., Sqrt[""Megapascals""]]","Quantity[12.3, Sqrt[""Megapascals""]]","Quantity[7.2, Sqrt[""Megapascals""]]","Quantity[22.95931183637698, Sqrt[""Megapascals""]]"
"Entity[""Chemical"", ""1Methylnaphthalene""]","QPUYECUOLPXSFR-UHFFFAOYSA-N","Quantity[138.8, ""Centimeters""^3/""Moles""]","Quantity[20.6, Sqrt[""Megapascals""]]","Quantity[0.8, Sqrt[""Megapascals""]]","Quantity[4.7, Sqrt[""Megapascals""]]","Quantity[21.2, Sqrt[""Megapascals""]]"
"Entity[""Chemical"", ""1Octanol""]","KBPLFHHGFOOTCA-UHFFFAOYSA-N","Quantity[157.7, ""Centimeters""^3/""Moles""]","Quantity[17., Sqrt[""Megapascals""]]","Quantity[3.3, Sqrt[""Megapascals""]]","Quantity[11.9, Sqrt[""Megapascals""]]","Quantity[20.9, Sqrt[""Megapascals""]]"
"Entity[""Chemical"", ""1Phenoxy2Propanol""]","IBLKWZIFZMJLFL-UHFFFAOYSA-N","Quantity[143.2, ""Centimeters""^3/""Moles""]","Quantity[17.4, Sqrt[""Megapascals""]]","Quantity[5.3, Sqrt[""Megapascals""]]","Quantity[11.5, Sqrt[""Megapascals""]]","Quantity[21.519758362955656, Sqrt[""Megapascals""]]"
"Entity[""Chemical"", ""1Propanol""]","BDERNNFJNOPAEC-UHFFFAOYSA-N","Quantity[75.2, ""Centimeters""^3/""Moles""]","Quantity[16., Sqrt[""Megapascals""]]","Quantity[6.8, Sqrt[""Megapascals""]]","Quantity[17.4, Sqrt[""Megapascals""]]","Quantity[24.6, Sqrt[""Megapascals""]]"
"Entity[""Chemical"", ""1Tridecanol""]","XFRVVPUIAFSTFO-UHFFFAOYSA-N","Quantity[242., ""Centimeters""^3/""Moles""]","Quantity[14.3, Sqrt[""Megapascals""]]","Quantity[3.1, Sqrt[""Megapascals""]]","Quantity[9., Sqrt[""Megapascals""]]","Quantity[17.2, Sqrt[""Megapascals""]]"
"Entity[""Chemical"", ""2,2ButoxyethoxyEthylAcetate""]","VXQBJTKSVGFQOL-UHFFFAOYSA-N","Quantity[208.2, ""Centimeters""^3/""Moles""]","Quantity[16., Sqrt[""Megapascals""]]","Quantity[4.1, Sqrt[""Megapascals""]]","Quantity[8.2, Sqrt[""Megapascals""]]","Quantity[18.44044468010465, Sqrt[""Megapascals""]]"
"Entity[""Chemical"", ""2,6Dimethyl4Heptanone""]","PTTPXKJBFFKCEK-UHFFFAOYSA-N","Quantity[177.1, ""Centimeters""^3/""Moles""]","Quantity[16., Sqrt[""Megapascals""]]","Quantity[3.7, Sqrt[""Megapascals""]]","Quantity[4.1, Sqrt[""Megapascals""]]","Quantity[16.8, Sqrt[""Megapascals""]]"
"Entity[""Chemical"", ""2Butanol""]","BTANRVKWQNVYAZ-UHFFFAOYSA-N","Quantity[92., ""Centimeters""^3/""Moles""]","Quantity[15.8, Sqrt[""Megapascals""]]","Quantity[5.7, Sqrt[""Megapascals""]]","Quantity[14.5, Sqrt[""Megapascals""]]","Quantity[22.1, Sqrt[""Megapascals""]]"
"Entity[""Chemical"", ""2Butanone""]","ZWEHNKRNPOVVGH-UHFFFAOYSA-N","Quantity[90.1, ""Centimeters""^3/""Moles""]","Quantity[16., Sqrt[""Megapascals""]]","Quantity[9., Sqrt[""Megapascals""]]","Quantity[5.1, Sqrt[""Megapascals""]]","Quantity[19., Sqrt[""Megapascals""]]"
"Entity[""Chemical"", ""2ButoxyethylAcetate""]","NQBXSWAWVZHKBZ-UHFFFAOYSA-N","Quantity[171.2, ""Centimeters""^3/""Moles""]","Quantity[15.3, Sqrt[""Megapascals""]]","Quantity[7.5, Sqrt[""Megapascals""]]","Quantity[6.8, Sqrt[""Megapascals""]]","Quantity[18.346116755324545, Sqrt[""Megapascals""]]"
"Entity[""Chemical"", ""2ChloroethylEther""]","ZNSMNVMLTJELDZ-UHFFFAOYSA-N","Quantity[117.6, ""Centimeters""^3/""Moles""]","Quantity[18.8, Sqrt[""Megapascals""]]","Quantity[9., Sqrt[""Megapascals""]]","Quantity[5.7, Sqrt[""Megapascals""]]","Quantity[21.7, Sqrt[""Megapascals""]]"
"Entity[""Chemical"", ""2Ethoxyethanol""]","ZNQVEEAIQZEUHB-UHFFFAOYSA-N","Quantity[97.8, ""Centimeters""^3/""Moles""]","Quantity[16.2, Sqrt[""Megapascals""]]","Quantity[9.2, Sqrt[""Megapascals""]]","Quantity[14.3, Sqrt[""Megapascals""]]","Quantity[23.5, Sqrt[""Megapascals""]]"
"Entity[""Chemical"", ""2EthoxyethylAcetate""]","SVONRAPFKPVNKG-UHFFFAOYSA-N","Quantity[136.2, ""Centimeters""^3/""Moles""]","Quantity[16., Sqrt[""Megapascals""]]","Quantity[4.7, Sqrt[""Megapascals""]]","Quantity[10.6, Sqrt[""Megapascals""]]","Quantity[19.6, Sqrt[""Megapascals""]]"
"Entity[""Chemical"", ""2Furaldehyde""]","HYBBIBNJHNGZAN-UHFFFAOYSA-N","Quantity[83.2, ""Centimeters""^3/""Moles""]","Quantity[18.6, Sqrt[""Megapascals""]]","Quantity[14.9, Sqrt[""Megapascals""]]","Quantity[5.1, Sqrt[""Megapascals""]]","Quantity[24.3, Sqrt[""Megapascals""]]"
"Entity[""Chemical"", ""2Methoxyethanol""]","XNWFRZJHXBZDAG-UHFFFAOYSA-N","Quantity[79.1, ""Centimeters""^3/""Moles""]","Quantity[16.2, Sqrt[""Megapascals""]]","Quantity[9.2, Sqrt[""Megapascals""]]","Quantity[16.4, Sqrt[""Megapascals""]]","Quantity[24.8, Sqrt[""Megapascals""]]"
"Entity[""Chemical"", ""2Methyl1Propanol""]","ZXEKIIBDNHEJCQ-UHFFFAOYSA-N","Quantity[92.9, ""Centimeters""^3/""Moles""]","Quantity[15.1, Sqrt[""Megapascals""]]","Quantity[5.7, Sqrt[""Megapascals""]]","Quantity[15.9, Sqrt[""Megapascals""]]","Quantity[22.656345689453097, Sqrt[""Megapascals""]]"
"Entity[""Chemical"", ""2Nitropropane""]","FGLBSLMDCBOPQK-UHFFFAOYSA-N","Quantity[86.9, ""Centimeters""^3/""Moles""]","Quantity[16.2, Sqrt[""Megapascals""]]","Quantity[12.1, Sqrt[""Megapascals""]]","Quantity[4.1, Sqrt[""Megapascals""]]","Quantity[20.7, Sqrt[""Megapascals""]]"
"Entity[""Chemical"", ""2Octanol""]","SJWFXCIHNDVPSH-UHFFFAOYSA-N","Quantity[159.1, ""Centimeters""^3/""Moles""]","Quantity[16.2, Sqrt[""Megapascals""]]","Quantity[4.9, Sqrt[""Megapascals""]]","Quantity[11., Sqrt[""Megapascals""]]","Quantity[20.3, Sqrt[""Megapascals""]]"
"Entity[""Chemical"", ""2Pentanone""]","XNLICIUVMPYHGG-UHFFFAOYSA-N","Quantity[107.3, ""Centimeters""^3/""Moles""]","Quantity[16., Sqrt[""Megapascals""]]","Quantity[7.6, Sqrt[""Megapascals""]]","Quantity[4.7, Sqrt[""Megapascals""]]","Quantity[18.326210737629314, Sqrt[""Megapascals""]]"
"Entity[""Chemical"", ""2Propanol""]","KFZMGEQAYNKOFK-UHFFFAOYSA-N","Quantity[76.8, ""Centimeters""^3/""Moles""]","Quantity[15.8, Sqrt[""Megapascals""]]","Quantity[6.1, Sqrt[""Megapascals""]]","Quantity[16.4, Sqrt[""Megapascals""]]","Quantity[23.5, Sqrt[""Megapascals""]]"
"Entity[""Chemical"", ""2Pyrrolidinone""]","HNJBEVLQSNELDL-UHFFFAOYSA-N","Quantity[76., ""Centimeters""^3/""Moles""]","Quantity[19.4, Sqrt[""Megapascals""]]","Quantity[17.4, Sqrt[""Megapascals""]]","Quantity[11.3, Sqrt[""Megapascals""]]","Quantity[28.4, Sqrt[""Megapascals""]]"
"Entity[""Chemical"", ""3Chloro1Propanol""]","LAMUXTNQCICZQX-UHFFFAOYSA-N","Quantity[84.2, ""Centimeters""^3/""Moles""]","Quantity[17.6, Sqrt[""Megapascals""]]","Quantity[5.7, Sqrt[""Megapascals""]]","Quantity[14.7, Sqrt[""Megapascals""]]","Quantity[23.7, Sqrt[""Megapascals""]]"
"Entity[""Chemical"", ""3Hexanol""]","ZOCHHNOQQHDWHG-UHFFFAOYSA-N","Quantity[123.2, ""Centimeters""^3/""Moles""]","Quantity[15.8, Sqrt[""Megapascals""]]","Quantity[4.3, Sqrt[""Megapascals""]]","Quantity[13.5, Sqrt[""Megapascals""]]","Quantity[21.3, Sqrt[""Megapascals""]]"
"Entity[""Chemical"", ""3Hydroxypropionitrile""]","WSGYTJNNHPZFKR-UHFFFAOYSA-N","Quantity[68.3, ""Centimeters""^3/""Moles""]","Quantity[17.2, Sqrt[""Megapascals""]]","Quantity[18.8, Sqrt[""Megapascals""]]","Quantity[17.6, Sqrt[""Megapascals""]]","Quantity[30.9, Sqrt[""Megapascals""]]"
"Entity[""Chemical"", ""3Methyl1Butanol""]","PHTQWCKDNZKARW-UHFFFAOYSA-N","Quantity[109.3, ""Centimeters""^3/""Moles""]","Quantity[15.8, Sqrt[""Megapascals""]]","Quantity[5.2, Sqrt[""Megapascals""]]","Quantity[13.3, Sqrt[""Megapascals""]]","Quantity[21.297182912300865, Sqrt[""Megapascals""]]"
"Entity[""Chemical"", ""3Pentanone""]","FDPIMTJIUBPUKL-UHFFFAOYSA-N","Quantity[106.4, ""Centimeters""^3/""Moles""]","Quantity[15.8, Sqrt[""Megapascals""]]","Quantity[7.6, Sqrt[""Megapascals""]]","Quantity[4.7, Sqrt[""Megapascals""]]","Quantity[18.2, Sqrt[""Megapascals""]]"
"Entity[""Chemical"", ""4Hydroxy4Methyl2Pentanone""]","SWXVUIWOUIDPGS-UHFFFAOYSA-N","Quantity[124.2, ""Centimeters""^3/""Moles""]","Quantity[15.8, Sqrt[""Megapascals""]]","Quantity[8.2, Sqrt[""Megapascals""]]","Quantity[10.8, Sqrt[""Megapascals""]]","Quantity[20.9, Sqrt[""Megapascals""]]"
"Entity[""Chemical"", ""4Hydroxymethyl1,3Dioxolan2One""]","JFMGYULNQJPJCY-UHFFFAOYSA-N","Quantity[83.2, ""Centimeters""^3/""Moles""]","Quantity[17.9, Sqrt[""Megapascals""]]","Quantity[25.5, Sqrt[""Megapascals""]]","Quantity[17.4, Sqrt[""Megapascals""]]","Quantity[35.68501085890265, Sqrt[""Megapascals""]]"
"Entity[""Chemical"", ""4Methyl2Pentanol""]","WVYWICLMDOOCFB-UHFFFAOYSA-N","Quantity[127.2, ""Centimeters""^3/""Moles""]","Quantity[15.3, Sqrt[""Megapascals""]]","Quantity[3.3, Sqrt[""Megapascals""]]","Quantity[12.3, Sqrt[""Megapascals""]]","Quantity[19.8, Sqrt[""Megapascals""]]"
"Entity[""Chemical"", ""4Methyl2Pentanone""]","NTIZESTWPVYFNL-UHFFFAOYSA-N","Quantity[125.8, ""Centimeters""^3/""Moles""]","Quantity[15.3, Sqrt[""Megapascals""]]","Quantity[6.1, Sqrt[""Megapascals""]]","Quantity[4.1, Sqrt[""Megapascals""]]","Quantity[17., Sqrt[""Megapascals""]]"
"Entity[""Chemical"", ""4Octanol""]","WOFPPJOZXUTRAU-UHFFFAOYSA-N","Quantity[157., ""Centimeters""^3/""Moles""]","Quantity[16., Sqrt[""Megapascals""]]","Quantity[3.3, Sqrt[""Megapascals""]]","Quantity[11.9, Sqrt[""Megapascals""]]","Quantity[20.1, Sqrt[""Megapascals""]]"
"Entity[""Chemical"", ""5Methyl2Hexanone""]","FFWSICBKRCICMR-UHFFFAOYSA-N","Quantity[142.8, ""Centimeters""^3/""Moles""]","Quantity[16., Sqrt[""Megapascals""]]","Quantity[5.7, Sqrt[""Megapascals""]]","Quantity[4.1, Sqrt[""Megapascals""]]","Quantity[17.4, Sqrt[""Megapascals""]]"
"Entity[""Chemical"", ""Acetaldehyde""]","IKHGUXGNUITLKF-UHFFFAOYSA-N","Quantity[57.1, ""Centimeters""^3/""Moles""]","Quantity[14.7, Sqrt[""Megapascals""]]","Quantity[8., Sqrt[""Megapascals""]]","Quantity[11.3, Sqrt[""Megapascals""]]","Quantity[20.3, Sqrt[""Megapascals""]]"
"Entity[""Chemical"", ""AceticAcid""]","QTBSBXVTEAMEQO-UHFFFAOYSA-N","Quantity[57.1, ""Centimeters""^3/""Moles""]","Quantity[14.5, Sqrt[""Megapascals""]]","Quantity[8., Sqrt[""Megapascals""]]","Quantity[13.5, Sqrt[""Megapascals""]]","Quantity[21.3, Sqrt[""Megapascals""]]"
"Entity[""Chemical"", ""AceticAnhydride""]","WFDIJRYMOXRFFG-UHFFFAOYSA-N","Quantity[94.5, ""Centimeters""^3/""Moles""]","Quantity[16., Sqrt[""Megapascals""]]","Quantity[11.7, Sqrt[""Megapascals""]]","Quantity[10.2, Sqrt[""Megapascals""]]","Quantity[22.3, Sqrt[""Megapascals""]]"
"Entity[""Chemical"", ""Acetone""]","CSCPPACGZOOCGX-UHFFFAOYSA-N","Quantity[74., ""Centimeters""^3/""Moles""]","Quantity[15.5, Sqrt[""Megapascals""]]","Quantity[10.4, Sqrt[""Megapascals""]]","Quantity[7., Sqrt[""Megapascals""]]","Quantity[20.1, Sqrt[""Megapascals""]]"
"Entity[""Chemical"", ""Acetonitrile""]","WEVYAHXRMPXWCK-UHFFFAOYSA-N","Quantity[52.6, ""Centimeters""^3/""Moles""]","Quantity[15.3, Sqrt[""Megapascals""]]","Quantity[18., Sqrt[""Megapascals""]]","Quantity[6.1, Sqrt[""Megapascals""]]","Quantity[24.6, Sqrt[""Megapascals""]]"
"Entity[""Chemical"", ""Acetophenone""]","KWOLFJPFCHCOCG-UHFFFAOYSA-N","Quantity[117.4, ""Centimeters""^3/""Moles""]","Quantity[19.6, Sqrt[""Megapascals""]]","Quantity[8.6, Sqrt[""Megapascals""]]","Quantity[3.7, Sqrt[""Megapascals""]]","Quantity[21.7, Sqrt[""Megapascals""]]"
"Entity[""Chemical"", ""AcetylChloride""]","WETWJCDKMRHUPV-UHFFFAOYSA-N","Quantity[71., ""Centimeters""^3/""Moles""]","Quantity[15.8, Sqrt[""Megapascals""]]","Quantity[10.6, Sqrt[""Megapascals""]]","Quantity[3.9, Sqrt[""Megapascals""]]","Quantity[19.4, Sqrt[""Megapascals""]]"
"Entity[""Chemical"", ""Acrylonitrile""]","NLHHRLWOUZZQLW-UHFFFAOYSA-N","Quantity[67.1, ""Centimeters""^3/""Moles""]","Quantity[16.4, Sqrt[""Megapascals""]]","Quantity[17.4, Sqrt[""Megapascals""]]","Quantity[6.8, Sqrt[""Megapascals""]]","Quantity[24.8, Sqrt[""Megapascals""]]"
"Entity[""Chemical"", ""AllylAlcohol""]","XXROGKLTLUQVRX-UHFFFAOYSA-N","Quantity[68.4, ""Centimeters""^3/""Moles""]","Quantity[16.2, Sqrt[""Megapascals""]]","Quantity[10.8, Sqrt[""Megapascals""]]","Quantity[16.8, Sqrt[""Megapascals""]]","Quantity[25.8, Sqrt[""Megapascals""]]"
"Entity[""Chemical"", ""AmylAlcohol""]","AMQJEAYHLZJPGS-UHFFFAOYSA-N","Quantity[109., ""Centimeters""^3/""Moles""]","Quantity[16., Sqrt[""Megapascals""]]","Quantity[4.5, Sqrt[""Megapascals""]]","Quantity[13.9, Sqrt[""Megapascals""]]","Quantity[21.7, Sqrt[""Megapascals""]]"
"Entity[""Chemical"", ""Anisole""]","RDOXTESZEPMUJZ-UHFFFAOYSA-N","Quantity[119.1, ""Centimeters""^3/""Moles""]","Quantity[17.8, Sqrt[""Megapascals""]]","Quantity[4.1, Sqrt[""Megapascals""]]","Quantity[6.8, Sqrt[""Megapascals""]]","Quantity[19.4, Sqrt[""Megapascals""]]"
"Entity[""Chemical"", ""Benzaldehyde""]","HUMNYLRZRPPJDN-UHFFFAOYSA-N","Quantity[101.5, ""Centimeters""^3/""Moles""]","Quantity[19.4, Sqrt[""Megapascals""]]","Quantity[7.4, Sqrt[""Megapascals""]]","Quantity[5.3, Sqrt[""Megapascals""]]","Quantity[21.5, Sqrt[""Megapascals""]]"
"Entity[""Chemical"", ""Benzene""]","UHOVQNZJYSORNB-UHFFFAOYSA-N","Quantity[89.4, ""Centimeters""^3/""Moles""]","Quantity[18.4, Sqrt[""Megapascals""]]","Quantity[0., Sqrt[""Megapascals""]]","Quantity[2., Sqrt[""Megapascals""]]","Quantity[18.6, Sqrt[""Megapascals""]]"
"Entity[""Chemical"", ""BenzoicAcid""]","WPYMKLBDIGXBTP-UHFFFAOYSA-N","Quantity[100., ""Centimeters""^3/""Moles""]","Quantity[18.2, Sqrt[""Megapascals""]]","Quantity[7., Sqrt[""Megapascals""]]","Quantity[9.8, Sqrt[""Megapascals""]]","Quantity[21.9, Sqrt[""Megapascals""]]"
"Entity[""Chemical"", ""Benzonitrile""]","JFDZBHWFFUWGJE-UHFFFAOYSA-N","Quantity[102.6, ""Centimeters""^3/""Moles""]","Quantity[17.4, Sqrt[""Megapascals""]]","Quantity[9., Sqrt[""Megapascals""]]","Quantity[3.3, Sqrt[""Megapascals""]]","Quantity[19.8, Sqrt[""Megapascals""]]"
"Entity[""Chemical"", ""BenzylAlcohol""]","WVDDGKGOMKODPV-UHFFFAOYSA-N","Quantity[103.6, ""Centimeters""^3/""Moles""]","Quantity[18.4, Sqrt[""Megapascals""]]","Quantity[6.3, Sqrt[""Megapascals""]]","Quantity[13.7, Sqrt[""Megapascals""]]","Quantity[23.7, Sqrt[""Megapascals""]]"
"Entity[""Chemical"", ""BenzylBenzoate""]","SESFRYSPDFLNCH-UHFFFAOYSA-N","Quantity[190.3, ""Centimeters""^3/""Moles""]","Quantity[20., Sqrt[""Megapascals""]]","Quantity[5.1, Sqrt[""Megapascals""]]","Quantity[5.2, Sqrt[""Megapascals""]]","Quantity[21.28497122384712, Sqrt[""Megapascals""]]"
"Entity[""Chemical"", ""BenzylButylPhthalate""]","IRIAEXORFWYRCZ-UHFFFAOYSA-N","Quantity[306., ""Centimeters""^3/""Moles""]","Quantity[19., Sqrt[""Megapascals""]]","Quantity[11.3, Sqrt[""Megapascals""]]","Quantity[3.1, Sqrt[""Megapascals""]]","Quantity[22.3, Sqrt[""Megapascals""]]"
"Entity[""Chemical"", ""BenzylEther""]","MHDVGSVTJDSBDK-UHFFFAOYSA-N","Quantity[192.7, ""Centimeters""^3/""Moles""]","Quantity[17.4, Sqrt[""Megapascals""]]","Quantity[3.7, Sqrt[""Megapascals""]]","Quantity[7.4, Sqrt[""Megapascals""]]","Quantity[19.2, Sqrt[""Megapascals""]]"
"Entity[""Chemical"", ""Biphenyl""]","ZUOUZKKEUPVFJK-UHFFFAOYSA-N","Quantity[154.1, ""Centimeters""^3/""Moles""]","Quantity[21.5, Sqrt[""Megapascals""]]","Quantity[1., Sqrt[""Megapascals""]]","Quantity[2., Sqrt[""Megapascals""]]","Quantity[21.7, Sqrt[""Megapascals""]]"
"Entity[""Chemical"", ""Bis2ChloroisopropylEther""]","BULHJTXRZFEUDQ-UHFFFAOYSA-N","Quantity[146., ""Centimeters""^3/""Moles""]","Quantity[19., Sqrt[""Megapascals""]]","Quantity[8.2, Sqrt[""Megapascals""]]","Quantity[5.1, Sqrt[""Megapascals""]]","Quantity[21.3, Sqrt[""Megapascals""]]"
"Entity[""Chemical"", ""Bromobenzene""]","QARVLSVVCXYDNA-UHFFFAOYSA-N","Quantity[105.3, ""Centimeters""^3/""Moles""]","Quantity[20.5, Sqrt[""Megapascals""]]","Quantity[5.5, Sqrt[""Megapascals""]]","Quantity[4.1, Sqrt[""Megapascals""]]","Quantity[21.7, Sqrt[""Megapascals""]]"
"Entity[""Chemical"", ""Bromochloromethane""]","JPOXNPPZZKNXOV-UHFFFAOYSA-N","Quantity[65., ""Centimeters""^3/""Moles""]","Quantity[17.4, Sqrt[""Megapascals""]]","Quantity[5.7, Sqrt[""Megapascals""]]","Quantity[3.5, Sqrt[""Megapascals""]]","Quantity[18.6, Sqrt[""Megapascals""]]"
"Entity[""Chemical"", ""Bromoethane""]","RDHPKYGYEGBMSE-UHFFFAOYSA-N","Quantity[76.9, ""Centimeters""^3/""Moles""]","Quantity[16.6, Sqrt[""Megapascals""]]","Quantity[8., Sqrt[""Megapascals""]]","Quantity[5.1, Sqrt[""Megapascals""]]","Quantity[19., Sqrt[""Megapascals""]]"
"Entity[""Chemical"", ""Bromoform""]","DIKBFYAXUHHXCS-UHFFFAOYSA-N","Quantity[87.5, ""Centimeters""^3/""Moles""]","Quantity[21.5, Sqrt[""Megapascals""]]","Quantity[4.1, Sqrt[""Megapascals""]]","Quantity[6.1, Sqrt[""Megapascals""]]","Quantity[22.7, Sqrt[""Megapascals""]]"
"Entity[""Chemical"", ""Bromotrifluoromethane""]","RJCQBQGAPKAMLL-UHFFFAOYSA-N","Quantity[97., ""Centimeters""^3/""Moles""]","Quantity[9.6, Sqrt[""Megapascals""]]","Quantity[2.5, Sqrt[""Megapascals""]]","Quantity[0., Sqrt[""Megapascals""]]","Quantity[10., Sqrt[""Megapascals""]]"
"Entity[""Chemical"", ""Butoxypropanol""]","IDQBJILTOGBZCR-UHFFFAOYSA-N","Quantity[132., ""Centimeters""^3/""Moles""]","Quantity[15.3, Sqrt[""Megapascals""]]","Quantity[4.5, Sqrt[""Megapascals""]]","Quantity[9.2, Sqrt[""Megapascals""]]","Quantity[18.41140950606444, Sqrt[""Megapascals""]]"
"Entity[""Chemical"", ""ButylAcetate""]","DKPFZGUDAPQIHT-UHFFFAOYSA-N","Quantity[132.5, ""Centimeters""^3/""Moles""]","Quantity[15.8, Sqrt[""Megapascals""]]","Quantity[3.7, Sqrt[""Megapascals""]]","Quantity[6.3, Sqrt[""Megapascals""]]","Quantity[17.4, Sqrt[""Megapascals""]]"
"Entity[""Chemical"", ""Butylamine""]","HQABUPZFAYXKJW-UHFFFAOYSA-N","Quantity[99., ""Centimeters""^3/""Moles""]","Quantity[16.2, Sqrt[""Megapascals""]]","Quantity[4.5, Sqrt[""Megapascals""]]","Quantity[8., Sqrt[""Megapascals""]]","Quantity[18.6, Sqrt[""Megapascals""]]"
"Entity[""Chemical"", ""ButylBenzoate""]","XSIFPSYPOVKYCO-UHFFFAOYSA-N","Quantity[178.1, ""Centimeters""^3/""Moles""]","Quantity[18.3, Sqrt[""Megapascals""]]","Quantity[5.6, Sqrt[""Megapascals""]]","Quantity[5.5, Sqrt[""Megapascals""]]","Quantity[19.912307751739878, Sqrt[""Megapascals""]]"
"Entity[""Chemical"", ""ButylLactate""]","MRABAEUHTLLEML-UHFFFAOYSA-N","Quantity[149., ""Centimeters""^3/""Moles""]","Quantity[15.8, Sqrt[""Megapascals""]]","Quantity[6.5, Sqrt[""Megapascals""]]","Quantity[10.2, Sqrt[""Megapascals""]]","Quantity[19.8, Sqrt[""Megapascals""]]"
"Entity[""Chemical"", ""ButylPropionate""]","BTMVHUNTONAYDX-UHFFFAOYSA-N","Quantity[149.3, ""Centimeters""^3/""Moles""]","Quantity[15.7, Sqrt[""Megapascals""]]","Quantity[5.5, Sqrt[""Megapascals""]]","Quantity[5.9, Sqrt[""Megapascals""]]","Quantity[17.650779019635365, Sqrt[""Megapascals""]]"
"Entity[""Chemical"", ""ButylStearate""]","ULBTUVJTXULMLP-UHFFFAOYSA-N","Quantity[382., ""Centimeters""^3/""Moles""]","Quantity[14.5, Sqrt[""Megapascals""]]","Quantity[3.7, Sqrt[""Megapascals""]]","Quantity[3.5, Sqrt[""Megapascals""]]","Quantity[15.3, Sqrt[""Megapascals""]]"
"Entity[""Chemical"", ""Butyraldehyde""]","ZTQSAGDEMFDKMZ-UHFFFAOYSA-N","Quantity[88.5, ""Centimeters""^3/""Moles""]","Quantity[14.7, Sqrt[""Megapascals""]]","Quantity[5.3, Sqrt[""Megapascals""]]","Quantity[7., Sqrt[""Megapascals""]]","Quantity[17.2, Sqrt[""Megapascals""]]"
"Entity[""Chemical"", ""ButyricAcid""]","FERIUCNNQQJTOY-UHFFFAOYSA-N","Quantity[110., ""Centimeters""^3/""Moles""]","Quantity[14.9, Sqrt[""Megapascals""]]","Quantity[4.1, Sqrt[""Megapascals""]]","Quantity[10.6, Sqrt[""Megapascals""]]","Quantity[18.8, Sqrt[""Megapascals""]]"
"Entity[""Chemical"", ""Butyronitrile""]","KVNRLNFWIYMESJ-UHFFFAOYSA-N","Quantity[87., ""Centimeters""^3/""Moles""]","Quantity[15.3, Sqrt[""Megapascals""]]","Quantity[12.5, Sqrt[""Megapascals""]]","Quantity[5.1, Sqrt[""Megapascals""]]","Quantity[20.5, Sqrt[""Megapascals""]]"
"Entity[""Chemical"", ""Caprolactone""]","PAPBSGBWRJIAAV-UHFFFAOYSA-N","Quantity[110.8, ""Centimeters""^3/""Moles""]","Quantity[19.7, Sqrt[""Megapascals""]]","Quantity[15., Sqrt[""Megapascals""]]","Quantity[7.4, Sqrt[""Megapascals""]]","Quantity[25.84279396659734, Sqrt[""Megapascals""]]"
"Entity[""Chemical"", ""CarbonDisulfide""]","QGJOPFRUJISHPQ-UHFFFAOYSA-N","Quantity[60., ""Centimeters""^3/""Moles""]","Quantity[20.5, Sqrt[""Megapascals""]]","Quantity[0., Sqrt[""Megapascals""]]","Quantity[0.6, Sqrt[""Megapascals""]]","Quantity[20.5, Sqrt[""Megapascals""]]"
"Entity[""Chemical"", ""CarbonTetrachloride""]","VZGDMQKNWNREIO-UHFFFAOYSA-N","Quantity[97.1, ""Centimeters""^3/""Moles""]","Quantity[17.8, Sqrt[""Megapascals""]]","Quantity[0., Sqrt[""Megapascals""]]","Quantity[0.6, Sqrt[""Megapascals""]]","Quantity[17.8, Sqrt[""Megapascals""]]"
"Entity[""Chemical"", ""Chlorobenzene""]","MVPPADPHJFYWMZ-UHFFFAOYSA-N","Quantity[102.1, ""Centimeters""^3/""Moles""]","Quantity[19., Sqrt[""Megapascals""]]","Quantity[4.3, Sqrt[""Megapascals""]]","Quantity[2., Sqrt[""Megapascals""]]","Quantity[19.6, Sqrt[""Megapascals""]]"
"Entity[""Chemical"", ""Chlorodifluoromethane""]","VOPWNXZWBYDODV-UHFFFAOYSA-N","Quantity[72.9, ""Centimeters""^3/""Moles""]","Quantity[12.3, Sqrt[""Megapascals""]]","Quantity[6.3, Sqrt[""Megapascals""]]","Quantity[5.7, Sqrt[""Megapascals""]]","Quantity[14.9, Sqrt[""Megapascals""]]"
"Entity[""Chemical"", ""Chloroform""]","HEDRZPFGACZZDS-UHFFFAOYSA-N","Quantity[80.7, ""Centimeters""^3/""Moles""]","Quantity[17.8, Sqrt[""Megapascals""]]","Quantity[3.1, Sqrt[""Megapascals""]]","Quantity[5.7, Sqrt[""Megapascals""]]","Quantity[19., Sqrt[""Megapascals""]]"
"Entity[""Chemical"", ""Chloromethane""]","NEHMKBQYUWJMIP-UHFFFAOYSA-N","Quantity[55.4, ""Centimeters""^3/""Moles""]","Quantity[15.3, Sqrt[""Megapascals""]]","Quantity[6.1, Sqrt[""Megapascals""]]","Quantity[3.9, Sqrt[""Megapascals""]]","Quantity[17., Sqrt[""Megapascals""]]"
"Entity[""Chemical"", ""Cyanol""]","PAYRUJLWNCNPSJ-UHFFFAOYSA-N","Quantity[91.5, ""Centimeters""^3/""Moles""]","Quantity[19.4, Sqrt[""Megapascals""]]","Quantity[5.1, Sqrt[""Megapascals""]]","Quantity[10.2, Sqrt[""Megapascals""]]","Quantity[22.5, Sqrt[""Megapascals""]]"
"Entity[""Chemical"", ""Cyclohexane""]","XDTMQSROBMDMFD-UHFFFAOYSA-N","Quantity[108.9, ""Centimeters""^3/""Moles""]","Quantity[16.8, Sqrt[""Megapascals""]]","Quantity[0., Sqrt[""Megapascals""]]","Quantity[0.2, Sqrt[""Megapascals""]]","Quantity[16.801190434013897, Sqrt[""Megapascals""]]"
"Entity[""Chemical"", ""Cyclohexanol""]","HPXRVTGHNJAIIH-UHFFFAOYSA-N","Quantity[106., ""Centimeters""^3/""Moles""]","Quantity[17.4, Sqrt[""Megapascals""]]","Quantity[4.1, Sqrt[""Megapascals""]]","Quantity[13.5, Sqrt[""Megapascals""]]","Quantity[22.5, Sqrt[""Megapascals""]]"
"Entity[""Chemical"", ""Cyclohexanone""]","JHIVVAPYMSGYDF-UHFFFAOYSA-N","Quantity[104., ""Centimeters""^3/""Moles""]","Quantity[17.8, Sqrt[""Megapascals""]]","Quantity[6.3, Sqrt[""Megapascals""]]","Quantity[5.1, Sqrt[""Megapascals""]]","Quantity[19.6, Sqrt[""Megapascals""]]"
"Entity[""Chemical"", ""Cyclohexylamine""]","PAFZNILMFXTMIY-UHFFFAOYSA-N","Quantity[115.2, ""Centimeters""^3/""Moles""]","Quantity[17.4, Sqrt[""Megapascals""]]","Quantity[3.1, Sqrt[""Megapascals""]]","Quantity[6.5, Sqrt[""Megapascals""]]","Quantity[18.8, Sqrt[""Megapascals""]]"
"Entity[""Chemical"", ""DibutylPhthalate""]","DOIRQSBPFJWKBE-UHFFFAOYSA-N","Quantity[266., ""Centimeters""^3/""Moles""]","Quantity[17.8, Sqrt[""Megapascals""]]","Quantity[8.6, Sqrt[""Megapascals""]]","Quantity[4.1, Sqrt[""Megapascals""]]","Quantity[20.3, Sqrt[""Megapascals""]]"
"Entity[""Chemical"", ""DibutylSebacate""]","PYGXAGIECVVIOZ-UHFFFAOYSA-N","Quantity[339., ""Centimeters""^3/""Moles""]","Quantity[13.9, Sqrt[""Megapascals""]]","Quantity[4.5, Sqrt[""Megapascals""]]","Quantity[4.1, Sqrt[""Megapascals""]]","Quantity[16.2, Sqrt[""Megapascals""]]"
"Entity[""Chemical"", ""Dichlorofluoromethane""]","UMNKXPULIDJLSU-UHFFFAOYSA-N","Quantity[75.4, ""Centimeters""^3/""Moles""]","Quantity[15.8, Sqrt[""Megapascals""]]","Quantity[3.1, Sqrt[""Megapascals""]]","Quantity[5.7, Sqrt[""Megapascals""]]","Quantity[17., Sqrt[""Megapascals""]]"
"Entity[""Chemical"", ""Dichloromethane""]","YMWUJEATGCHHMB-UHFFFAOYSA-N","Quantity[63.9, ""Centimeters""^3/""Moles""]","Quantity[18.2, Sqrt[""Megapascals""]]","Quantity[6.3, Sqrt[""Megapascals""]]","Quantity[6.1, Sqrt[""Megapascals""]]","Quantity[20.3, Sqrt[""Megapascals""]]"
"Entity[""Chemical"", ""Diethylamine""]","HPNMFZURTQLUMO-UHFFFAOYSA-N","Quantity[103.2, ""Centimeters""^3/""Moles""]","Quantity[14.9, Sqrt[""Megapascals""]]","Quantity[2.3, Sqrt[""Megapascals""]]","Quantity[6.1, Sqrt[""Megapascals""]]","Quantity[16.4, Sqrt[""Megapascals""]]"
"Entity[""Chemical"", ""DiethylCarbonate""]","OIFBSDVPJOWBCH-UHFFFAOYSA-N","Quantity[121., ""Centimeters""^3/""Moles""]","Quantity[16.6, Sqrt[""Megapascals""]]","Quantity[3.1, Sqrt[""Megapascals""]]","Quantity[6.1, Sqrt[""Megapascals""]]","Quantity[18., Sqrt[""Megapascals""]]"
"Entity[""Chemical"", ""DiethyleneGlycolButylEther""]","OAYXUHPQHDHDDZ-UHFFFAOYSA-N","Quantity[170.6, ""Centimeters""^3/""Moles""]","Quantity[16., Sqrt[""Megapascals""]]","Quantity[7., Sqrt[""Megapascals""]]","Quantity[10.6, Sqrt[""Megapascals""]]","Quantity[20.5, Sqrt[""Megapascals""]]"
"Entity[""Chemical"", ""DiethyleneGlycolDimethylEther""]","SBZXBUIDTXKZTM-UHFFFAOYSA-N","Quantity[142., ""Centimeters""^3/""Moles""]","Quantity[15.8, Sqrt[""Megapascals""]]","Quantity[6.1, Sqrt[""Megapascals""]]","Quantity[9.2, Sqrt[""Megapascals""]]","Quantity[19.2, Sqrt[""Megapascals""]]"
"Entity[""Chemical"", ""DiethyleneGlycolMethylEther""]","SBASXUCJHJRPEV-UHFFFAOYSA-N","Quantity[118., ""Centimeters""^3/""Moles""]","Quantity[16.2, Sqrt[""Megapascals""]]","Quantity[7.8, Sqrt[""Megapascals""]]","Quantity[12.7, Sqrt[""Megapascals""]]","Quantity[21.9, Sqrt[""Megapascals""]]"
"Entity[""Chemical"", ""DiethyleneGlycolMonoethylEther""]","XXJWXESWEXIICW-UHFFFAOYSA-N","Quantity[130.9, ""Centimeters""^3/""Moles""]","Quantity[16.2, Sqrt[""Megapascals""]]","Quantity[9.2, Sqrt[""Megapascals""]]","Quantity[12.3, Sqrt[""Megapascals""]]","Quantity[22.3, Sqrt[""Megapascals""]]"
"Entity[""Chemical"", ""Diethylenetriamine""]","RPNUMPOLZDHAAY-UHFFFAOYSA-N","Quantity[108., ""Centimeters""^3/""Moles""]","Quantity[16.8, Sqrt[""Megapascals""]]","Quantity[13.3, Sqrt[""Megapascals""]]","Quantity[14.3, Sqrt[""Megapascals""]]","Quantity[25.8, Sqrt[""Megapascals""]]"
"Entity[""Chemical"", ""DiethylEther""]","RTZKZFJDLAIYFH-UHFFFAOYSA-N","Quantity[104.8, ""Centimeters""^3/""Moles""]","Quantity[14.5, Sqrt[""Megapascals""]]","Quantity[2.9, Sqrt[""Megapascals""]]","Quantity[5.1, Sqrt[""Megapascals""]]","Quantity[15.8, Sqrt[""Megapascals""]]"
"Entity[""Chemical"", ""DiethylPhthalate""]","FLKPEMZONWLCSK-UHFFFAOYSA-N","Quantity[198., ""Centimeters""^3/""Moles""]","Quantity[17.6, Sqrt[""Megapascals""]]","Quantity[9.6, Sqrt[""Megapascals""]]","Quantity[4.5, Sqrt[""Megapascals""]]","Quantity[20.5, Sqrt[""Megapascals""]]"
"Entity[""Chemical"", ""DiethylSulfate""]","DENRZWYUOJLTMF-UHFFFAOYSA-N","Quantity[131.5, ""Centimeters""^3/""Moles""]","Quantity[15.8, Sqrt[""Megapascals""]]","Quantity[14.7, Sqrt[""Megapascals""]]","Quantity[7.2, Sqrt[""Megapascals""]]","Quantity[22.7, Sqrt[""Megapascals""]]"
"Entity[""Chemical"", ""DiethylSulfide""]","LJSQFQKUNVCTIA-UHFFFAOYSA-N","Quantity[108.2, ""Centimeters""^3/""Moles""]","Quantity[17., Sqrt[""Megapascals""]]","Quantity[3.1, Sqrt[""Megapascals""]]","Quantity[2., Sqrt[""Megapascals""]]","Quantity[17.4, Sqrt[""Megapascals""]]"
"Entity[""Chemical"", ""DiisopropylEther""]","ZAFNJMIOTHYJRJ-UHFFFAOYSA-N","Quantity[141.8, ""Centimeters""^3/""Moles""]","Quantity[15.1, Sqrt[""Megapascals""]]","Quantity[3.2, Sqrt[""Megapascals""]]","Quantity[3.2, Sqrt[""Megapascals""]]","Quantity[15.763565586503582, Sqrt[""Megapascals""]]"
"Entity[""Chemical"", ""DimethylPhthalate""]","NIQCNGHVCWTJSM-UHFFFAOYSA-N","Quantity[163., ""Centimeters""^3/""Moles""]","Quantity[18.6, Sqrt[""Megapascals""]]","Quantity[10.8, Sqrt[""Megapascals""]]","Quantity[4.9, Sqrt[""Megapascals""]]","Quantity[22.1, Sqrt[""Megapascals""]]"
"Entity[""Chemical"", ""DimethylSulfone""]","HHVIBTZHLRERCL-UHFFFAOYSA-N","Quantity[75., ""Centimeters""^3/""Moles""]","Quantity[19., Sqrt[""Megapascals""]]","Quantity[19.4, Sqrt[""Megapascals""]]","Quantity[12.3, Sqrt[""Megapascals""]]","Quantity[29.9, Sqrt[""Megapascals""]]"
"Entity[""Chemical"", ""DimethylSulfoxide""]","IAZDPXIOMUYVGZ-UHFFFAOYSA-N","Quantity[71.3, ""Centimeters""^3/""Moles""]","Quantity[18.4, Sqrt[""Megapascals""]]","Quantity[16.4, Sqrt[""Megapascals""]]","Quantity[10.2, Sqrt[""Megapascals""]]","Quantity[26.6, Sqrt[""Megapascals""]]"
"Entity[""Chemical"", ""DiNOctylPhthalate""]","MQIUGAXCHLFZKX-UHFFFAOYSA-N","Quantity[277., ""Centimeters""^3/""Moles""]","Quantity[16.6, Sqrt[""Megapascals""]]","Quantity[7., Sqrt[""Megapascals""]]","Quantity[3.1, Sqrt[""Megapascals""]]","Quantity[18.2, Sqrt[""Megapascals""]]"
"Entity[""Chemical"", ""Dipropylamine""]","WEHWNAOGRSTTBQ-UHFFFAOYSA-N","Quantity[136.9, ""Centimeters""^3/""Moles""]","Quantity[15.3, Sqrt[""Megapascals""]]","Quantity[1.4, Sqrt[""Megapascals""]]","Quantity[4.1, Sqrt[""Megapascals""]]","Quantity[16., Sqrt[""Megapascals""]]"
"Entity[""Chemical"", ""DipropyleneGlycol""]","AZUXKVXMJOIAOF-UHFFFAOYSA-N","Quantity[131.8, ""Centimeters""^3/""Moles""]","Quantity[16.5, Sqrt[""Megapascals""]]","Quantity[10.6, Sqrt[""Megapascals""]]","Quantity[17.7, Sqrt[""Megapascals""]]","Quantity[26.417797031546744, Sqrt[""Megapascals""]]"
"Entity[""Chemical"", ""DiPropyleneGlycolButylEther""]","CUVLMZNMSPJDON-UHFFFAOYSA-N","Quantity[211.2, ""Centimeters""^3/""Moles""]","Quantity[15.7, Sqrt[""Megapascals""]]","Quantity[6.5, Sqrt[""Megapascals""]]","Quantity[10., Sqrt[""Megapascals""]]","Quantity[19.716490559934847, Sqrt[""Megapascals""]]"
"Entity[""Chemical"", ""DLLimonene""]","XMGQYMWWDOXHJM-UHFFFAOYSA-N","Quantity[162.9, ""Centimeters""^3/""Moles""]","Quantity[17.2, Sqrt[""Megapascals""]]","Quantity[1.8, Sqrt[""Megapascals""]]","Quantity[4.3, Sqrt[""Megapascals""]]","Quantity[17.820493820318223, Sqrt[""Megapascals""]]"
"Entity[""Chemical"", ""DowanolDpm""]","CUDYYMUUJHLCGZ-UHFFFAOYSA-N","Quantity[156.1, ""Centimeters""^3/""Moles""]","Quantity[15.5, Sqrt[""Megapascals""]]","Quantity[5.7, Sqrt[""Megapascals""]]","Quantity[11.2, Sqrt[""Megapascals""]]","Quantity[19.954448125668623, Sqrt[""Megapascals""]]"
"Entity[""Chemical"", ""Epichlorohydrin""]","BRLQWZUYTZBJKN-UHFFFAOYSA-N","Quantity[79.9, ""Centimeters""^3/""Moles""]","Quantity[19., Sqrt[""Megapascals""]]","Quantity[10.2, Sqrt[""Megapascals""]]","Quantity[3.7, Sqrt[""Megapascals""]]","Quantity[21.9, Sqrt[""Megapascals""]]"
"Entity[""Chemical"", ""Ethanethiol""]","DNJIEGIFACGWOD-UHFFFAOYSA-N","Quantity[74.3, ""Centimeters""^3/""Moles""]","Quantity[15.8, Sqrt[""Megapascals""]]","Quantity[6.5, Sqrt[""Megapascals""]]","Quantity[7.2, Sqrt[""Megapascals""]]","Quantity[18.4, Sqrt[""Megapascals""]]"
"Entity[""Chemical"", ""Ethanol""]","LFQSCWFLJHTTHZ-UHFFFAOYSA-N","Quantity[58.6, ""Centimeters""^3/""Moles""]","Quantity[15.8, Sqrt[""Megapascals""]]","Quantity[8.8, Sqrt[""Megapascals""]]","Quantity[19.4, Sqrt[""Megapascals""]]","Quantity[26.522443326360413, Sqrt[""Megapascals""]]"
"Entity[""Chemical"", ""Ethanolamine""]","HZAXFHJVJLSVMW-UHFFFAOYSA-N","Quantity[58.5, ""Centimeters""^3/""Moles""]","Quantity[15.8, Sqrt[""Megapascals""]]","Quantity[8.8, Sqrt[""Megapascals""]]","Quantity[19.4, Sqrt[""Megapascals""]]","Quantity[26.6, Sqrt[""Megapascals""]]"
"Entity[""Chemical"", ""EthylAcetate""]","XEKOWRVHYACXOJ-UHFFFAOYSA-N","Quantity[98.5, ""Centimeters""^3/""Moles""]","Quantity[15.8, Sqrt[""Megapascals""]]","Quantity[5.3, Sqrt[""Megapascals""]]","Quantity[7.2, Sqrt[""Megapascals""]]","Quantity[18.2, Sqrt[""Megapascals""]]"
"Entity[""Chemical"", ""Ethylbenzene""]","YNQLUTRBYVCPMQ-UHFFFAOYSA-N","Quantity[123.1, ""Centimeters""^3/""Moles""]","Quantity[17.8, Sqrt[""Megapascals""]]","Quantity[0.6, Sqrt[""Megapascals""]]","Quantity[1.4, Sqrt[""Megapascals""]]","Quantity[17.8, Sqrt[""Megapascals""]]"
"Entity[""Chemical"", ""EthylChloroformate""]","RIFGWPKJUGCATF-UHFFFAOYSA-N","Quantity[95.6, ""Centimeters""^3/""Moles""]","Quantity[15.5, Sqrt[""Megapascals""]]","Quantity[10., Sqrt[""Megapascals""]]","Quantity[6.8, Sqrt[""Megapascals""]]","Quantity[19.6, Sqrt[""Megapascals""]]"
"Entity[""Chemical"", ""EthylCinnamate""]","KBEBGUQPQBELIU-CMDGGOBGSA-N","Quantity[166.8, ""Centimeters""^3/""Moles""]","Quantity[18.4, Sqrt[""Megapascals""]]","Quantity[8.2, Sqrt[""Megapascals""]]","Quantity[4.1, Sqrt[""Megapascals""]]","Quantity[20.5, Sqrt[""Megapascals""]]"
"Entity[""Chemical"", ""EthyleneCarbonate""]","KMTRUDSVKNLOMY-UHFFFAOYSA-N","Quantity[66., ""Centimeters""^3/""Moles""]","Quantity[19.4, Sqrt[""Megapascals""]]","Quantity[21.7, Sqrt[""Megapascals""]]","Quantity[5.1, Sqrt[""Megapascals""]]","Quantity[29.5, Sqrt[""Megapascals""]]"
"Entity[""Chemical"", ""Ethylenediamine""]","PIICEJLVQHRZGT-UHFFFAOYSA-N","Quantity[67.3, ""Centimeters""^3/""Moles""]","Quantity[16.6, Sqrt[""Megapascals""]]","Quantity[8.8, Sqrt[""Megapascals""]]","Quantity[17., Sqrt[""Megapascals""]]","Quantity[25.4, Sqrt[""Megapascals""]]"
"Entity[""Chemical"", ""EthyleneGlycol""]","LYCAIKOWRPUZTN-UHFFFAOYSA-N","Quantity[55.9, ""Centimeters""^3/""Moles""]","Quantity[17., Sqrt[""Megapascals""]]","Quantity[11., Sqrt[""Megapascals""]]","Quantity[26., Sqrt[""Megapascals""]]","Quantity[32.95451410656816, Sqrt[""Megapascals""]]"
"Entity[""Chemical"", ""EthyleneGlycolButylEther""]","POAOYUHQDCAZBD-UHFFFAOYSA-N","Quantity[131.6, ""Centimeters""^3/""Moles""]","Quantity[16., Sqrt[""Megapascals""]]","Quantity[5.1, Sqrt[""Megapascals""]]","Quantity[12.3, Sqrt[""Megapascals""]]","Quantity[20.9, Sqrt[""Megapascals""]]"
"Entity[""Chemical"", ""EthyleneGlycolMonophenylEther""]","QCDWFXQBSFUVSP-UHFFFAOYSA-N","Quantity[124.7, ""Centimeters""^3/""Moles""]","Quantity[17.8, Sqrt[""Megapascals""]]","Quantity[5.7, Sqrt[""Megapascals""]]","Quantity[14.3, Sqrt[""Megapascals""]]","Quantity[23.533380547639137, Sqrt[""Megapascals""]]"
"Entity[""Chemical"", ""EthylFormate""]","WBJINCZRORDGAQ-UHFFFAOYSA-N","Quantity[80.2, ""Centimeters""^3/""Moles""]","Quantity[15.5, Sqrt[""Megapascals""]]","Quantity[8.4, Sqrt[""Megapascals""]]","Quantity[8.4, Sqrt[""Megapascals""]]","Quantity[19.6, Sqrt[""Megapascals""]]"
"Entity[""Chemical"", ""EthylLactate""]","LZCLXQDLBQLTDK-BYPYZUCNSA-N","Quantity[115., ""Centimeters""^3/""Moles""]","Quantity[16., Sqrt[""Megapascals""]]","Quantity[7.6, Sqrt[""Megapascals""]]","Quantity[12.5, Sqrt[""Megapascals""]]","Quantity[21.7, Sqrt[""Megapascals""]]"
"Entity[""Chemical"", ""Formamide""]","ZHNUHDYFZUAESO-UHFFFAOYSA-N","Quantity[39.8, ""Centimeters""^3/""Moles""]","Quantity[17.2, Sqrt[""Megapascals""]]","Quantity[26.2, Sqrt[""Megapascals""]]","Quantity[19., Sqrt[""Megapascals""]]","Quantity[36.6, Sqrt[""Megapascals""]]"
"Entity[""Chemical"", ""FormicAcid""]","BDAGIHXWWSANSR-UHFFFAOYSA-N","Quantity[37.8, ""Centimeters""^3/""Moles""]","Quantity[14.3, Sqrt[""Megapascals""]]","Quantity[11.9, Sqrt[""Megapascals""]]","Quantity[16.6, Sqrt[""Megapascals""]]","Quantity[25., Sqrt[""Megapascals""]]"
"Entity[""Chemical"", ""Furan""]","YLQBMQCUIZJEEH-UHFFFAOYSA-N","Quantity[72.5, ""Centimeters""^3/""Moles""]","Quantity[17.8, Sqrt[""Megapascals""]]","Quantity[1.8, Sqrt[""Megapascals""]]","Quantity[5.3, Sqrt[""Megapascals""]]","Quantity[18.6, Sqrt[""Megapascals""]]"
"Entity[""Chemical"", ""FurfurylAlcohol""]","XPFVYQJUAUNWIW-UHFFFAOYSA-N","Quantity[86.5, ""Centimeters""^3/""Moles""]","Quantity[17.4, Sqrt[""Megapascals""]]","Quantity[7.6, Sqrt[""Megapascals""]]","Quantity[15.1, Sqrt[""Megapascals""]]","Quantity[24.3, Sqrt[""Megapascals""]]"
"Entity[""Chemical"", ""GammaButyrolactone""]","YEJRWHAVMIAJKC-UHFFFAOYSA-N","Quantity[76.5, ""Centimeters""^3/""Moles""]","Quantity[18., Sqrt[""Megapascals""]]","Quantity[16.6, Sqrt[""Megapascals""]]","Quantity[7.4, Sqrt[""Megapascals""]]","Quantity[25.579679435051567, Sqrt[""Megapascals""]]"
"Entity[""Chemical"", ""Heptane""]","IMNFDUFMRHMDMM-UHFFFAOYSA-N","Quantity[147., ""Centimeters""^3/""Moles""]","Quantity[15.3, Sqrt[""Megapascals""]]","Quantity[0., Sqrt[""Megapascals""]]","Quantity[0., Sqrt[""Megapascals""]]","Quantity[15.3, Sqrt[""Megapascals""]]"
"Entity[""Chemical"", ""Hexadecafluoroheptane""]","LGUZHRODIJCVOC-UHFFFAOYSA-N","Quantity[227.3, ""Centimeters""^3/""Moles""]","Quantity[12.1, Sqrt[""Megapascals""]]","Quantity[0., Sqrt[""Megapascals""]]","Quantity[0., Sqrt[""Megapascals""]]","Quantity[12.1, Sqrt[""Megapascals""]]"
"Entity[""Chemical"", ""Hexamethylphosphoramide""]","GNOIPBMMFNIUFM-UHFFFAOYSA-N","Quantity[175.7, ""Centimeters""^3/""Moles""]","Quantity[18.4, Sqrt[""Megapascals""]]","Quantity[8.6, Sqrt[""Megapascals""]]","Quantity[11.3, Sqrt[""Megapascals""]]","Quantity[23.3, Sqrt[""Megapascals""]]"
"Entity[""Chemical"", ""Hexane""]","VLKZOEOYAKHREP-UHFFFAOYSA-N","Quantity[131.4, ""Centimeters""^3/""Moles""]","Quantity[14.9, Sqrt[""Megapascals""]]","Quantity[0., Sqrt[""Megapascals""]]","Quantity[0., Sqrt[""Megapascals""]]","Quantity[14.9, Sqrt[""Megapascals""]]"
"Entity[""Chemical"", ""IsobutylAcetate""]","GJRQTCIYDGXPES-UHFFFAOYSA-N","Quantity[133.5, ""Centimeters""^3/""Moles""]","Quantity[15.1, Sqrt[""Megapascals""]]","Quantity[3.7, Sqrt[""Megapascals""]]","Quantity[6.3, Sqrt[""Megapascals""]]","Quantity[16.8, Sqrt[""Megapascals""]]"
"Entity[""Chemical"", ""IsobutylIsobutyrate""]","RXGUIWHIADMCFC-UHFFFAOYSA-N","Quantity[169.8, ""Centimeters""^3/""Moles""]","Quantity[15.1, Sqrt[""Megapascals""]]","Quantity[2.8, Sqrt[""Megapascals""]]","Quantity[5.8, Sqrt[""Megapascals""]]","Quantity[16.416150584104667, Sqrt[""Megapascals""]]"
"Entity[""Chemical"", ""IsopentylAcetate""]","MLFHJEHSLIIPHL-UHFFFAOYSA-N","Quantity[148.8, ""Centimeters""^3/""Moles""]","Quantity[15.3, Sqrt[""Megapascals""]]","Quantity[3.1, Sqrt[""Megapascals""]]","Quantity[7., Sqrt[""Megapascals""]]","Quantity[17.2, Sqrt[""Megapascals""]]"
"Entity[""Chemical"", ""Isophorone""]","HJOVHMDZYOCNQW-UHFFFAOYSA-N","Quantity[150.5, ""Centimeters""^3/""Moles""]","Quantity[16.6, Sqrt[""Megapascals""]]","Quantity[8.2, Sqrt[""Megapascals""]]","Quantity[7.4, Sqrt[""Megapascals""]]","Quantity[19.8, Sqrt[""Megapascals""]]"
"Entity[""Chemical"", ""IsopropylAcetate""]","JMMWKPVZQRWMSS-UHFFFAOYSA-N","Quantity[117.1, ""Centimeters""^3/""Moles""]","Quantity[14.9, Sqrt[""Megapascals""]]","Quantity[4.5, Sqrt[""Megapascals""]]","Quantity[8.2, Sqrt[""Megapascals""]]","Quantity[17.592612085759182, Sqrt[""Megapascals""]]"
"Entity[""Chemical"", ""IsopropylPalmitate""]","XUGNVMKQXJXZCD-UHFFFAOYSA-N","Quantity[330., ""Centimeters""^3/""Moles""]","Quantity[14.3, Sqrt[""Megapascals""]]","Quantity[3.9, Sqrt[""Megapascals""]]","Quantity[3.7, Sqrt[""Megapascals""]]","Quantity[15.3, Sqrt[""Megapascals""]]"
"Entity[""Chemical"", ""MCresol""]","RLSSMJSEOOYNOY-UHFFFAOYSA-N","Quantity[105., ""Centimeters""^3/""Moles""]","Quantity[18.5, Sqrt[""Megapascals""]]","Quantity[6.5, Sqrt[""Megapascals""]]","Quantity[13.7, Sqrt[""Megapascals""]]","Quantity[23.920493305950025, Sqrt[""Megapascals""]]"
"Entity[""Chemical"", ""Mesitylene""]","AUHZEENZYGFFBQ-UHFFFAOYSA-N","Quantity[139.8, ""Centimeters""^3/""Moles""]","Quantity[18., Sqrt[""Megapascals""]]","Quantity[0., Sqrt[""Megapascals""]]","Quantity[0.6, Sqrt[""Megapascals""]]","Quantity[18., Sqrt[""Megapascals""]]"
"Entity[""Chemical"", ""MesitylOxide""]","SHOJXDKTYKFBRD-UHFFFAOYSA-N","Quantity[115.6, ""Centimeters""^3/""Moles""]","Quantity[16.4, Sqrt[""Megapascals""]]","Quantity[7.2, Sqrt[""Megapascals""]]","Quantity[6.1, Sqrt[""Megapascals""]]","Quantity[18.8, Sqrt[""Megapascals""]]"
"Entity[""Chemical"", ""Methanol""]","OKKJLVBELUTLKV-UHFFFAOYSA-N","Quantity[40.7, ""Centimeters""^3/""Moles""]","Quantity[15.1, Sqrt[""Megapascals""]]","Quantity[12.3, Sqrt[""Megapascals""]]","Quantity[22.3, Sqrt[""Megapascals""]]","Quantity[29.7, Sqrt[""Megapascals""]]"
"Entity[""Chemical"", ""MethylAcetate""]","KXKVLQRXCPHEJC-UHFFFAOYSA-N","Quantity[79.7, ""Centimeters""^3/""Moles""]","Quantity[15.5, Sqrt[""Megapascals""]]","Quantity[7.2, Sqrt[""Megapascals""]]","Quantity[7.6, Sqrt[""Megapascals""]]","Quantity[18.8, Sqrt[""Megapascals""]]"
"Entity[""Chemical"", ""Methylcyclohexane""]","UAEPNZWRGJTJPN-UHFFFAOYSA-N","Quantity[128.2, ""Centimeters""^3/""Moles""]","Quantity[16., Sqrt[""Megapascals""]]","Quantity[0., Sqrt[""Megapascals""]]","Quantity[1., Sqrt[""Megapascals""]]","Quantity[16.0312195418814, Sqrt[""Megapascals""]]"
"Entity[""Chemical"", ""MethyleneIodide""]","NZZFYRREKKOMAT-UHFFFAOYSA-N","Quantity[80.5, ""Centimeters""^3/""Moles""]","Quantity[17.8, Sqrt[""Megapascals""]]","Quantity[3.9, Sqrt[""Megapascals""]]","Quantity[5.5, Sqrt[""Megapascals""]]","Quantity[19., Sqrt[""Megapascals""]]"
"Entity[""Chemical"", ""MethylOleate""]","QYDYPVFESGNLHU-KHPPLWFESA-N","Quantity[340., ""Centimeters""^3/""Moles""]","Quantity[14.5, Sqrt[""Megapascals""]]","Quantity[3.9, Sqrt[""Megapascals""]]","Quantity[3.7, Sqrt[""Megapascals""]]","Quantity[15.5, Sqrt[""Megapascals""]]"
"Entity[""Chemical"", ""Morpholine""]","YNAVUWVOSKDBBP-UHFFFAOYSA-N","Quantity[87.1, ""Centimeters""^3/""Moles""]","Quantity[18.8, Sqrt[""Megapascals""]]","Quantity[4.9, Sqrt[""Megapascals""]]","Quantity[9.2, Sqrt[""Megapascals""]]","Quantity[21.5, Sqrt[""Megapascals""]]"
"Entity[""Chemical"", ""Naphthalene""]","UFWIBTONFRDIAS-UHFFFAOYSA-N","Quantity[111.5, ""Centimeters""^3/""Moles""]","Quantity[19.2, Sqrt[""Megapascals""]]","Quantity[2., Sqrt[""Megapascals""]]","Quantity[5.9, Sqrt[""Megapascals""]]","Quantity[20., Sqrt[""Megapascals""]]"
"Entity[""Chemical"", ""Nitrobenzene""]","LQNUZADURLCDLV-UHFFFAOYSA-N","Quantity[102.7, ""Centimeters""^3/""Moles""]","Quantity[20.1, Sqrt[""Megapascals""]]","Quantity[8.6, Sqrt[""Megapascals""]]","Quantity[4.1, Sqrt[""Megapascals""]]","Quantity[22.1, Sqrt[""Megapascals""]]"
"Entity[""Chemical"", ""Nitroethane""]","MCSAJNNLRCFZED-UHFFFAOYSA-N","Quantity[71.5, ""Centimeters""^3/""Moles""]","Quantity[16., Sqrt[""Megapascals""]]","Quantity[15.5, Sqrt[""Megapascals""]]","Quantity[4.5, Sqrt[""Megapascals""]]","Quantity[22.7, Sqrt[""Megapascals""]]"
"Entity[""Chemical"", ""Nitromethane""]","LYGJENNIWJXYER-UHFFFAOYSA-N","Quantity[54.3, ""Centimeters""^3/""Moles""]","Quantity[15.8, Sqrt[""Megapascals""]]","Quantity[18.8, Sqrt[""Megapascals""]]","Quantity[5.1, Sqrt[""Megapascals""]]","Quantity[25., Sqrt[""Megapascals""]]"
"Entity[""Chemical"", ""Nitropropane""]","JSZOAYXJRCEYSX-UHFFFAOYSA-N","Quantity[89.5, ""Centimeters""^3/""Moles""]","Quantity[16.6, Sqrt[""Megapascals""]]","Quantity[12.3, Sqrt[""Megapascals""]]","Quantity[5.5, Sqrt[""Megapascals""]]","Quantity[21.379897099845923, Sqrt[""Megapascals""]]"
"Entity[""Chemical"", ""NMethylpyrrolidine""]","AVFZOVWCLRSYKC-UHFFFAOYSA-N","Quantity[96.5, ""Centimeters""^3/""Moles""]","Quantity[18., Sqrt[""Megapascals""]]","Quantity[12.3, Sqrt[""Megapascals""]]","Quantity[7.2, Sqrt[""Megapascals""]]","Quantity[22.9, Sqrt[""Megapascals""]]"
"Entity[""Chemical"", ""N,NDimethylacetamide""]","FXHOOIRPVKKKFG-UHFFFAOYSA-N","Quantity[93., ""Centimeters""^3/""Moles""]","Quantity[16.8, Sqrt[""Megapascals""]]","Quantity[11.5, Sqrt[""Megapascals""]]","Quantity[10.2, Sqrt[""Megapascals""]]","Quantity[22.771253808255707, Sqrt[""Megapascals""]]"
"Entity[""Chemical"", ""N,NDimethylformamide""]","ZMXDDKWLCZADIW-UHFFFAOYSA-N","Quantity[77., ""Centimeters""^3/""Moles""]","Quantity[17.4, Sqrt[""Megapascals""]]","Quantity[13.7, Sqrt[""Megapascals""]]","Quantity[11.3, Sqrt[""Megapascals""]]","Quantity[24.8, Sqrt[""Megapascals""]]"
"Entity[""Chemical"", ""N,NDimethylhydrazine""]","RHUYHJGZWVXEHW-UHFFFAOYSA-N","Quantity[76., ""Centimeters""^3/""Moles""]","Quantity[15.3, Sqrt[""Megapascals""]]","Quantity[5.9, Sqrt[""Megapascals""]]","Quantity[11., Sqrt[""Megapascals""]]","Quantity[19.8, Sqrt[""Megapascals""]]"
"Entity[""Chemical"", ""OctanoicAcid""]","WWZKQHOCKIZLMA-UHFFFAOYSA-N","Quantity[159., ""Centimeters""^3/""Moles""]","Quantity[15.1, Sqrt[""Megapascals""]]","Quantity[3.3, Sqrt[""Megapascals""]]","Quantity[8.2, Sqrt[""Megapascals""]]","Quantity[17.6, Sqrt[""Megapascals""]]"
"Entity[""Chemical"", ""OleicAcid""]","ZQPPMHVWECSIRJ-KTKRTIGZSA-N","Quantity[320., ""Centimeters""^3/""Moles""]","Quantity[14.3, Sqrt[""Megapascals""]]","Quantity[3.1, Sqrt[""Megapascals""]]","Quantity[5.5, Sqrt[""Megapascals""]]","Quantity[15.8, Sqrt[""Megapascals""]]"
"Entity[""Chemical"", ""OleylAlcohol""]","ALSTYHKOOCGGFT-KTKRTIGZSA-N","Quantity[316., ""Centimeters""^3/""Moles""]","Quantity[14.3, Sqrt[""Megapascals""]]","Quantity[2.7, Sqrt[""Megapascals""]]","Quantity[8., Sqrt[""Megapascals""]]","Quantity[16.6, Sqrt[""Megapascals""]]"
"Entity[""Chemical"", ""OXylene""]","CTQNGGLPUBDAKN-UHFFFAOYSA-N","Quantity[121.2, ""Centimeters""^3/""Moles""]","Quantity[17.8, Sqrt[""Megapascals""]]","Quantity[1., Sqrt[""Megapascals""]]","Quantity[3.1, Sqrt[""Megapascals""]]","Quantity[18., Sqrt[""Megapascals""]]"
"Entity[""Chemical"", ""PentylAcetate""]","PGMYKACGEOXYJE-UHFFFAOYSA-N","Quantity[148., ""Centimeters""^3/""Moles""]","Quantity[15.8, Sqrt[""Megapascals""]]","Quantity[3.3, Sqrt[""Megapascals""]]","Quantity[6.1, Sqrt[""Megapascals""]]","Quantity[17.25514416051051, Sqrt[""Megapascals""]]"
"Entity[""Chemical"", ""Phenol""]","ISWSIDIOOBJBQZ-UHFFFAOYSA-N","Quantity[87.5, ""Centimeters""^3/""Moles""]","Quantity[18., Sqrt[""Megapascals""]]","Quantity[5.9, Sqrt[""Megapascals""]]","Quantity[14.9, Sqrt[""Megapascals""]]","Quantity[24.1, Sqrt[""Megapascals""]]"
"Entity[""Chemical"", ""Propionitrile""]","FVSKHRXBFJPNKK-UHFFFAOYSA-N","Quantity[70.9, ""Centimeters""^3/""Moles""]","Quantity[15.3, Sqrt[""Megapascals""]]","Quantity[14.3, Sqrt[""Megapascals""]]","Quantity[5.5, Sqrt[""Megapascals""]]","Quantity[21.7, Sqrt[""Megapascals""]]"
"Entity[""Chemical"", ""PropylAcetate""]","YKYONYBAUNKHLG-UHFFFAOYSA-N","Quantity[115.8, ""Centimeters""^3/""Moles""]","Quantity[15.3, Sqrt[""Megapascals""]]","Quantity[4.3, Sqrt[""Megapascals""]]","Quantity[7.6, Sqrt[""Megapascals""]]","Quantity[17.616469566857035, Sqrt[""Megapascals""]]"
"Entity[""Chemical"", ""Propylamine""]","WGYKZJWCGVVSQN-UHFFFAOYSA-N","Quantity[83., ""Centimeters""^3/""Moles""]","Quantity[17., Sqrt[""Megapascals""]]","Quantity[4.9, Sqrt[""Megapascals""]]","Quantity[8.6, Sqrt[""Megapascals""]]","Quantity[19.6, Sqrt[""Megapascals""]]"
"Entity[""Chemical"", ""PropyleneCarbonate""]","RUOJZAUFBMNUDX-UHFFFAOYSA-N","Quantity[85., ""Centimeters""^3/""Moles""]","Quantity[20.1, Sqrt[""Megapascals""]]","Quantity[18., Sqrt[""Megapascals""]]","Quantity[4.1, Sqrt[""Megapascals""]]","Quantity[27.2, Sqrt[""Megapascals""]]"
"Entity[""Chemical"", ""PropyleneGlycolMonomethylEtherAcetate""]","LLHKCFNBLRBOGN-UHFFFAOYSA-N","Quantity[137.1, ""Centimeters""^3/""Moles""]","Quantity[15.6, Sqrt[""Megapascals""]]","Quantity[5.6, Sqrt[""Megapascals""]]","Quantity[9.8, Sqrt[""Megapascals""]]","Quantity[19.255129186790725, Sqrt[""Megapascals""]]"
"Entity[""Chemical"", ""PropylPropionate""]","MCSINKKTEDDPNK-UHFFFAOYSA-N","Quantity[132.5, ""Centimeters""^3/""Moles""]","Quantity[15.5, Sqrt[""Megapascals""]]","Quantity[5.6, Sqrt[""Megapascals""]]","Quantity[5.7, Sqrt[""Megapascals""]]","Quantity[17.438463235044537, Sqrt[""Megapascals""]]"
"Entity[""Chemical"", ""Pyridine""]","JUJWROOIHBZHMG-UHFFFAOYSA-N","Quantity[80.9, ""Centimeters""^3/""Moles""]","Quantity[19., Sqrt[""Megapascals""]]","Quantity[8.8, Sqrt[""Megapascals""]]","Quantity[5.9, Sqrt[""Megapascals""]]","Quantity[21.7, Sqrt[""Megapascals""]]"
"Entity[""Chemical"", ""Quinoline""]","SMWDFEZZVXVKRB-UHFFFAOYSA-N","Quantity[118., ""Centimeters""^3/""Moles""]","Quantity[19.4, Sqrt[""Megapascals""]]","Quantity[7., Sqrt[""Megapascals""]]","Quantity[7.6, Sqrt[""Megapascals""]]","Quantity[22.1, Sqrt[""Megapascals""]]"
"Entity[""Chemical"", ""Resorcinol""]","GHMLBKRAJCXXBS-UHFFFAOYSA-N","Quantity[87.5, ""Centimeters""^3/""Moles""]","Quantity[18., Sqrt[""Megapascals""]]","Quantity[8.4, Sqrt[""Megapascals""]]","Quantity[21.1, Sqrt[""Megapascals""]]","Quantity[28.8, Sqrt[""Megapascals""]]"
"Entity[""Chemical"", ""SecButylAcetate""]","DCKVNWZUADLDEH-UHFFFAOYSA-N","Quantity[134., ""Centimeters""^3/""Moles""]","Quantity[15., Sqrt[""Megapascals""]]","Quantity[3.7, Sqrt[""Megapascals""]]","Quantity[7.6, Sqrt[""Megapascals""]]","Quantity[17.217723426748382, Sqrt[""Megapascals""]]"
"Entity[""Chemical"", ""StearicAcid""]","QIQXTHQIDYTFRH-UHFFFAOYSA-N","Quantity[326., ""Centimeters""^3/""Moles""]","Quantity[16.4, Sqrt[""Megapascals""]]","Quantity[3.3, Sqrt[""Megapascals""]]","Quantity[5.5, Sqrt[""Megapascals""]]","Quantity[17.6, Sqrt[""Megapascals""]]"
"Entity[""Chemical"", ""Styrene""]","PPBRXRYQALVLMV-UHFFFAOYSA-N","Quantity[115.6, ""Centimeters""^3/""Moles""]","Quantity[18.6, Sqrt[""Megapascals""]]","Quantity[1., Sqrt[""Megapascals""]]","Quantity[4.1, Sqrt[""Megapascals""]]","Quantity[19., Sqrt[""Megapascals""]]"
"Entity[""Chemical"", ""SuccinicAnhydride""]","RINCXYDBBGOEEQ-UHFFFAOYSA-N","Quantity[66.8, ""Centimeters""^3/""Moles""]","Quantity[18.6, Sqrt[""Megapascals""]]","Quantity[19.2, Sqrt[""Megapascals""]]","Quantity[16.6, Sqrt[""Megapascals""]]","Quantity[31.5, Sqrt[""Megapascals""]]"
"Entity[""Chemical"", ""Sulfolane""]","HXJUTPCZVOIRIF-UHFFFAOYSA-N","Quantity[95.3, ""Centimeters""^3/""Moles""]","Quantity[18., Sqrt[""Megapascals""]]","Quantity[18., Sqrt[""Megapascals""]]","Quantity[9.9, Sqrt[""Megapascals""]]","Quantity[27.313183629888332, Sqrt[""Megapascals""]]"
"Entity[""Chemical"", ""TertButanol""]","DKGAVHZHDRPRBM-UHFFFAOYSA-N","Quantity[96., ""Centimeters""^3/""Moles""]","Quantity[15.2, Sqrt[""Megapascals""]]","Quantity[5.1, Sqrt[""Megapascals""]]","Quantity[14.7, Sqrt[""Megapascals""]]","Quantity[21.75178153623284, Sqrt[""Megapascals""]]"
"Entity[""Chemical"", ""TertButylAcetate""]","WMOVHXAZOJBABW-UHFFFAOYSA-N","Quantity[134.8, ""Centimeters""^3/""Moles""]","Quantity[15., Sqrt[""Megapascals""]]","Quantity[3.7, Sqrt[""Megapascals""]]","Quantity[6., Sqrt[""Megapascals""]]","Quantity[16.573774464496612, Sqrt[""Megapascals""]]"
"Entity[""Chemical"", ""Tetrachloroethylene""]","CYTYCFOTNPOANT-UHFFFAOYSA-N","Quantity[101.1, ""Centimeters""^3/""Moles""]","Quantity[19., Sqrt[""Megapascals""]]","Quantity[6.5, Sqrt[""Megapascals""]]","Quantity[2.9, Sqrt[""Megapascals""]]","Quantity[20.3, Sqrt[""Megapascals""]]"
"Entity[""Chemical"", ""Tetrahydrofuran""]","WYURNTSHIVDZCO-UHFFFAOYSA-N","Quantity[81.7, ""Centimeters""^3/""Moles""]","Quantity[16.8, Sqrt[""Megapascals""]]","Quantity[5.7, Sqrt[""Megapascals""]]","Quantity[8., Sqrt[""Megapascals""]]","Quantity[19.4, Sqrt[""Megapascals""]]"
"Entity[""Chemical"", ""TetrahydrofurfurylAlcohol""]","BSYVTEYKTMYBMK-UHFFFAOYSA-N","Quantity[97.4, ""Centimeters""^3/""Moles""]","Quantity[17.8, Sqrt[""Megapascals""]]","Quantity[8.2, Sqrt[""Megapascals""]]","Quantity[12.9, Sqrt[""Megapascals""]]","Quantity[23.46252330845939, Sqrt[""Megapascals""]]"
"Entity[""Chemical"", ""Tetramethylurea""]","AVQQQNCBBIEMEU-UHFFFAOYSA-N","Quantity[120.4, ""Centimeters""^3/""Moles""]","Quantity[16.8, Sqrt[""Megapascals""]]","Quantity[8.2, Sqrt[""Megapascals""]]","Quantity[11., Sqrt[""Megapascals""]]","Quantity[21.7, Sqrt[""Megapascals""]]"
"Entity[""Chemical"", ""Toluene""]","YXFVVABEGXRONW-UHFFFAOYSA-N","Quantity[106.8, ""Centimeters""^3/""Moles""]","Quantity[18., Sqrt[""Megapascals""]]","Quantity[1.4, Sqrt[""Megapascals""]]","Quantity[2., Sqrt[""Megapascals""]]","Quantity[18.2, Sqrt[""Megapascals""]]"
"Entity[""Chemical"", ""TributylPhosphate""]","STCOOQWBFONSKY-UHFFFAOYSA-N","Quantity[345., ""Centimeters""^3/""Moles""]","Quantity[16.4, Sqrt[""Megapascals""]]","Quantity[6.3, Sqrt[""Megapascals""]]","Quantity[4.3, Sqrt[""Megapascals""]]","Quantity[18., Sqrt[""Megapascals""]]"
"Entity[""Chemical"", ""Trichloroethylene""]","XSTXAVWGXDQKEL-UHFFFAOYSA-N","Quantity[90.2, ""Centimeters""^3/""Moles""]","Quantity[18., Sqrt[""Megapascals""]]","Quantity[3.1, Sqrt[""Megapascals""]]","Quantity[5.3, Sqrt[""Megapascals""]]","Quantity[19., Sqrt[""Megapascals""]]"
"Entity[""Chemical"", ""Trichlorofluoromethane""]","CYRMSUTZVYGINF-UHFFFAOYSA-N","Quantity[92.8, ""Centimeters""^3/""Moles""]","Quantity[15.3, Sqrt[""Megapascals""]]","Quantity[2., Sqrt[""Megapascals""]]","Quantity[0., Sqrt[""Megapascals""]]","Quantity[15.5, Sqrt[""Megapascals""]]"
"Entity[""Chemical"", ""TricresylPhosphate""]","YACDDVCMSPGAQK-UHFFFAOYSA-N","Quantity[613., ""Centimeters""^3/""Moles""]","Quantity[19., Sqrt[""Megapascals""]]","Quantity[12.3, Sqrt[""Megapascals""]]","Quantity[4.5, Sqrt[""Megapascals""]]","Quantity[23.1, Sqrt[""Megapascals""]]"
"Entity[""Chemical"", ""TriethylPhosphate""]","DQWPFSLDHJDLRL-UHFFFAOYSA-N","Quantity[171., ""Centimeters""^3/""Moles""]","Quantity[16.8, Sqrt[""Megapascals""]]","Quantity[11.5, Sqrt[""Megapascals""]]","Quantity[9.2, Sqrt[""Megapascals""]]","Quantity[22.3, Sqrt[""Megapascals""]]"
"Entity[""Chemical"", ""TrifluoromethylUndecafluorocyclohexane""]","QIROQPWSJUXOJC-UHFFFAOYSA-N","Quantity[196., ""Centimeters""^3/""Moles""]","Quantity[12.5, Sqrt[""Megapascals""]]","Quantity[0., Sqrt[""Megapascals""]]","Quantity[0., Sqrt[""Megapascals""]]","Quantity[12.5, Sqrt[""Megapascals""]]"
"Entity[""Chemical"", ""TrimethylPhosphate""]","WVLBCYQITXONBZ-UHFFFAOYSA-N","Quantity[99.9, ""Centimeters""^3/""Moles""]","Quantity[16.8, Sqrt[""Megapascals""]]","Quantity[16., Sqrt[""Megapascals""]]","Quantity[10.2, Sqrt[""Megapascals""]]","Quantity[25.4, Sqrt[""Megapascals""]]"
"Entity[""Chemical"", ""Water""]","XLYOFNOQVPJJNP-UHFFFAOYSA-N","Quantity[18., ""Centimeters""^3/""Moles""]","Quantity[15.5, Sqrt[""Megapascals""]]","Quantity[16., Sqrt[""Megapascals""]]","Quantity[42.4, Sqrt[""Megapascals""]]","Quantity[47.9, Sqrt[""Megapascals""]]"
